,AAPL,GOOGL,MSFT,AMZN,MS,GS,JPM,BLK,MYL,PFE,AET
AAPL,0.00176656666113,0.000559191562639,0.000274050078884,0.000659020084028,0.000573217055297,0.000465619029841,0.000422684808885,0.000572791776768,0.000337701460206,7.53088837465e-05,0.000292025373863
GOOGL,0.000559191562639,0.00132705787509,0.000419899640616,0.000766471522156,0.000692930070769,0.000432108557723,0.000540199593487,0.000577682508432,0.000508994159857,0.000319022562882,0.000360966582112
MSFT,0.000274050078884,0.000419899640616,0.00100558552537,0.00053023387865,0.000717671056957,0.000452018156023,0.000482748857057,0.000434905247906,0.000546925414228,0.000187511710518,0.000442453850223
AMZN,0.000659020084028,0.000766471522156,0.00053023387865,0.00187188989898,0.000880097887273,0.000666232018546,0.000623212590569,0.000704714677735,0.000569503179001,0.000376773835948,0.000465200106844
MS,0.000573217055297,0.000692930070769,0.000717671056957,0.000880097887273,0.00308236045212,0.00195422179398,0.00171682918874,0.00126945903736,0.00108176549177,0.000441645853845,0.000820931224036
GS,0.000465619029841,0.000432108557723,0.000452018156023,0.000666232018546,0.00195422179398,0.00164571043017,0.00125929112083,0.000939815713018,0.000756284248165,0.0002672656178,0.000498875892512
JPM,0.000422684808885,0.000540199593487,0.000482748857057,0.000623212590569,0.00171682918874,0.00125929112083,0.00148794952114,0.000871442664918,0.000743635137602,0.000384924968599,0.000646757898631
BLK,0.000572791776768,0.000577682508432,0.000434905247906,0.000704714677735,0.00126945903736,0.000939815713018,0.000871442664918,0.00119579315735,0.000787208180508,0.000410225626627,0.000631192036214
MYL,0.000337701460206,0.000508994159857,0.000546925414228,0.000569503179001,0.00108176549177,0.000756284248165,0.000743635137602,0.000787208180508,0.00149956432468,0.000418240618695,0.000753595547936
PFE,7.53088837465e-05,0.000319022562882,0.000187511710518,0.000376773835948,0.000441645853845,0.0002672656178,0.000384924968599,0.000410225626627,0.000418240618695,0.000579050776885,0.00026150214866
AET,0.000292025373863,0.000360966582112,0.000442453850223,0.000465200106844,0.000820931224036,0.000498875892512,0.000646757898631,0.000631192036214,0.000753595547936,0.00026150214866,0.00126633886957
