,AAPL,GOOGL,MSFT,AMZN,MS,GS,JPM,BLK,MYL,PFE,AET
AAPL,0.00171541231214,0.000507058039222,0.000244798057481,0.000601513499791,0.000581732331217,0.000482158889348,0.000443704460042,0.000530212761053,0.00036778553818,0.000122022727592,0.000290245435328
GOOGL,0.000507058039222,0.00131717657838,0.000396578266523,0.000804332120712,0.000722085053672,0.000444868344408,0.000533654121152,0.000564776547134,0.000518303826227,0.000331447510482,0.00036008869905
MSFT,0.000244798057481,0.000396578266523,0.00099270178572,0.000497065953279,0.000722779398012,0.000433919684811,0.000483643470914,0.000437843357894,0.000543834774551,0.000213795250797,0.00045865815627
AMZN,0.000601513499791,0.000804332120712,0.000497065953279,0.00192737569463,0.000955811457744,0.000713856538623,0.000626444963498,0.0006918231801,0.000562237780873,0.000402389178246,0.000375982429585
MS,0.000581732331217,0.000722085053672,0.000722779398012,0.000955811457744,0.00316377434024,0.00199860285991,0.00176768208485,0.00130357572246,0.00115098955642,0.000513733902218,0.000861848220509
GS,0.000482158889348,0.000444868344408,0.000433919684811,0.000713856538623,0.00199860285991,0.00166058562857,0.00130001209685,0.000976364912907,0.00083921259321,0.000335651602443,0.000578644174121
JPM,0.000443704460042,0.000533654121152,0.000483643470914,0.000626444963498,0.00176768208485,0.00130001209685,0.00154833413741,0.00091115673168,0.000817839134375,0.000453694729993,0.000713680030245
BLK,0.000530212761053,0.000564776547134,0.000437843357894,0.0006918231801,0.00130357572246,0.000976364912907,0.00091115673168,0.00118743477868,0.000766512836862,0.000460677748967,0.000615657495623
MYL,0.00036778553818,0.000518303826227,0.000543834774551,0.000562237780873,0.00115098955642,0.00083921259321,0.000817839134375,0.000766512836862,0.00170470512692,0.000521062558763,0.000773255194776
PFE,0.000122022727592,0.000331447510482,0.000213795250797,0.000402389178246,0.000513733902218,0.000335651602443,0.000453694729993,0.000460677748967,0.000521062558763,0.000599208256198,0.000290794788641
AET,0.000290245435328,0.00036008869905,0.00045865815627,0.000375982429585,0.000861848220509,0.000578644174121,0.000713680030245,0.000615657495623,0.000773255194776,0.000290794788641,0.00126563689387
