,AAPL,GOOGL,MSFT,AMZN,MS,GS,JPM,BLK,MYL,PFE,AET
AAPL,0.00124300338073,0.000454636146834,0.000389427572128,0.000450678347691,0.000414751898546,0.000389184499857,0.000379264201928,0.000422923393408,0.000327898001577,0.000195512599673,0.000140397279498
GOOGL,0.000454636146834,0.00127420740899,0.000600138903957,0.000818151689786,0.000504042243614,0.000394828472502,0.000418859398768,0.000554758317748,0.00028993770057,0.000324144479535,0.000187262742898
MSFT,0.000389427572128,0.000600138903957,0.00123453066121,0.000447229486911,0.000391671226374,0.000359799164119,0.000387000423417,0.000490564487433,0.000405511749996,0.000279711942259,0.000196221072929
AMZN,0.000450678347691,0.000818151689786,0.000447229486911,0.00189005149829,0.000564535428373,0.000432510991137,0.000343882388778,0.00054038939852,0.000266679877714,0.000284991368313,0.000159186371305
MS,0.000414751898546,0.000504042243614,0.000391671226374,0.000564535428373,0.00131355066265,0.000900708505293,0.000774928904433,0.000782595423757,0.000598868991975,0.000357588450076,0.000353693278534
GS,0.000389184499857,0.000394828472502,0.000359799164119,0.000432510991137,0.000900708505293,0.000840379757131,0.000657220558163,0.000644532308974,0.000516885955242,0.00025217255395,0.000296606546627
JPM,0.000379264201928,0.000418859398768,0.000387000423417,0.000343882388778,0.000774928904433,0.000657220558163,0.00076826667208,0.000595599609549,0.000334643066095,0.000290901647057,0.000267595035959
BLK,0.000422923393408,0.000554758317748,0.000490564487433,0.00054038939852,0.000782595423757,0.000644532308974,0.000595599609549,0.000919745865381,0.000419165070504,0.000319064203231,0.000304296827425
MYL,0.000327898001577,0.00028993770057,0.000405511749996,0.000266679877714,0.000598868991975,0.000516885955242,0.000334643066095,0.000419165070504,0.00259200907538,0.000384513845434,0.000572012753936
PFE,0.000195512599673,0.000324144479535,0.000279711942259,0.000284991368313,0.000357588450076,0.00025217255395,0.000290901647057,0.000319064203231,0.000384513845434,0.000562188014652,0.000250701285798
AET,0.000140397279498,0.000187262742898,0.000196221072929,0.000159186371305,0.000353693278534,0.000296606546627,0.000267595035959,0.000304296827425,0.000572012753936,0.000250701285798,0.00091525782251
