,AAPL,GOOGL,MSFT,AMZN,MS,GS,JPM,BLK,MYL,PFE,AET
AAPL,0.00121173891393,0.000465244088752,0.000405557205415,0.000454386905638,0.000422141984376,0.000397267039599,0.000395992576778,0.000440978214352,0.000306176724657,0.000203779051901,0.000166379574954
GOOGL,0.000465244088752,0.00129044050715,0.000595149060662,0.000822648956512,0.000538004916436,0.00042117037413,0.000445245452637,0.000580249101033,0.000289585853398,0.000343049547372,0.000203826436505
MSFT,0.000405557205415,0.000595149060662,0.00113485946738,0.00043136077481,0.000460088020839,0.000399918655146,0.000417051267844,0.000523526832418,0.000415975139958,0.000299240718626,0.000201983128467
AMZN,0.000454386905638,0.000822648956512,0.00043136077481,0.00186484124038,0.000556249369803,0.000425588306332,0.000346854112171,0.000528625412737,0.000270285790968,0.000290185072077,0.000152886316952
MS,0.000422141984376,0.000538004916436,0.000460088020839,0.000556249369803,0.00132561903838,0.000921440273958,0.000799241550785,0.000786962752823,0.000595436521715,0.000368056809033,0.000364982752525
GS,0.000397267039599,0.00042117037413,0.000399918655146,0.000425588306332,0.000921440273958,0.00087635094948,0.000688141966508,0.00065843268322,0.000509841310083,0.000269300011255,0.000309705331383
JPM,0.000395992576778,0.000445245452637,0.000417051267844,0.000346854112171,0.000799241550785,0.000688141966508,0.000791268835153,0.00060804546532,0.000338886821533,0.000311606166705,0.000281011071808
BLK,0.000440978214352,0.000580249101033,0.000523526832418,0.000528625412737,0.000786962752823,0.00065843268322,0.00060804546532,0.000909094698035,0.000412820716447,0.00032776221186,0.000303320072055
MYL,0.000306176724657,0.000289585853398,0.000415975139958,0.000270285790968,0.000595436521715,0.000509841310083,0.000338886821533,0.000412820716447,0.00254929065655,0.000376304704688,0.000582927428121
PFE,0.000203779051901,0.000343049547372,0.000299240718626,0.000290185072077,0.000368056809033,0.000269300011255,0.000311606166705,0.00032776221186,0.000376304704688,0.000577048819863,0.000255639957214
AET,0.000166379574954,0.000203826436505,0.000201983128467,0.000152886316952,0.000364982752525,0.000309705331383,0.000281011071808,0.000303320072055,0.000582927428121,0.000255639957214,0.000919829905484
