,AAPL,GOOGL,MSFT,AMZN,MS,GS,JPM,BLK,MYL,PFE,AET
AAPL,0.00164919111359,0.000429484134761,0.000181868443231,0.00051970653927,0.000495735770971,0.000443881925775,0.000385318706071,0.000477445377209,0.000278609809425,8.31855902676e-05,0.000246710710915
GOOGL,0.000429484134761,0.00115304592194,0.000354374155404,0.000762854065937,0.000665497669904,0.000411070641981,0.000476060359047,0.000535149626194,0.000477061439395,0.000305700109837,0.000323587068712
MSFT,0.000181868443231,0.000354374155404,0.000946402196575,0.000428775066349,0.000643303185397,0.00038931353968,0.000435433028834,0.000363634590312,0.000438430578652,0.000165828316311,0.000405600481904
AMZN,0.00051970653927,0.000762854065937,0.000428775066349,0.00190663125862,0.000874607979595,0.000654392605587,0.000564379299182,0.000626011585233,0.000409898218714,0.000361414712567,0.00032364003091
MS,0.000495735770971,0.000665497669904,0.000643303185397,0.000874607979595,0.0029137083901,0.00189874973466,0.00162643995853,0.00115738138457,0.000958707448854,0.000393848997602,0.000751125225657
GS,0.000443881925775,0.000411070641981,0.00038931353968,0.000654392605587,0.00189874973466,0.00160984030348,0.00123668564263,0.000898857782111,0.000736690971378,0.000271700058657,0.000522420080526
JPM,0.000385318706071,0.000476060359047,0.000435433028834,0.000564379299182,0.00162643995853,0.00123668564263,0.00146451271292,0.000812207079738,0.000696622330663,0.000375596656246,0.000640024235028
BLK,0.000477445377209,0.000535149626194,0.000363634590312,0.000626011585233,0.00115738138457,0.000898857782111,0.000812207079738,0.00106648952017,0.000586547236676,0.000366992637048,0.000513117306974
MYL,0.000278609809425,0.000477061439395,0.000438430578652,0.000409898218714,0.000958707448854,0.000736690971378,0.000696622330663,0.000586547236676,0.00143750656318,0.00039168001325,0.000619178486812
PFE,8.31855902676e-05,0.000305700109837,0.000165828316311,0.000361414712567,0.000393848997602,0.000271700058657,0.000375596656246,0.000366992637048,0.00039168001325,0.000529386416608,0.000209869766085
AET,0.000246710710915,0.000323587068712,0.000405600481904,0.00032364003091,0.000751125225657,0.000522420080526,0.000640024235028,0.000513117306974,0.000619178486812,0.000209869766085,0.00117666029431
