,AAPL,GOOGL,MSFT,AMZN,MS,GS,JPM,BLK,MYL,PFE,AET
AAPL,0.00116768356917,0.000499238380343,0.000420496413425,0.000478938597839,0.000425074626326,0.000393628273156,0.000406226700755,0.000464879508314,0.000330961275277,0.00021425829227,0.00017280523901
GOOGL,0.000499238380343,0.00128081521607,0.000577793976414,0.000802244173503,0.000521845581302,0.000404847229891,0.000430094216747,0.000564089960451,0.000286351604472,0.000329907131303,0.000178759157104
MSFT,0.000420496413425,0.000577793976414,0.00107144697852,0.000410829024451,0.000460877024688,0.000400901144871,0.000423191460067,0.000519103084682,0.000415463728924,0.000291460002972,0.000174240564812
AMZN,0.000478938597839,0.000802244173503,0.000410829024451,0.00183916731748,0.000532315933171,0.000404324326498,0.000323725311764,0.000503588697927,0.000262744423286,0.000277009432224,0.000130741366042
MS,0.000425074626326,0.000521845581302,0.000460877024688,0.000532315933171,0.0013242471027,0.000912089615072,0.000784593236739,0.000777251039052,0.000598242410383,0.000359575253707,0.000362454418378
GS,0.000393628273156,0.000404847229891,0.000400901144871,0.000404324326498,0.000912089615072,0.00086300875363,0.000672099933802,0.000645650683232,0.000511920133436,0.000258336918194,0.000311750934057
JPM,0.000406226700755,0.000430094216747,0.000423191460067,0.000323725311764,0.000784593236739,0.000672099933802,0.000776599615523,0.000595850683252,0.00034144212372,0.000296848871399,0.000282717064187
BLK,0.000464879508314,0.000564089960451,0.000519103084682,0.000503588697927,0.000777251039052,0.000645650683232,0.000595850683252,0.00089738816527,0.000410018598156,0.000314881648288,0.000294672424021
MYL,0.000330961275277,0.000286351604472,0.000415463728924,0.000262744423286,0.000598242410383,0.000511920133436,0.00034144212372,0.000410018598156,0.00254611278551,0.000363348559157,0.000583387225713
PFE,0.00021425829227,0.000329907131303,0.000291460002972,0.000277009432224,0.000359575253707,0.000258336918194,0.000296848871399,0.000314881648288,0.000363348559157,0.000578987137685,0.000241747211077
AET,0.00017280523901,0.000178759157104,0.000174240564812,0.000130741366042,0.000362454418378,0.000311750934057,0.000282717064187,0.000294672424021,0.000583387225713,0.000241747211077,0.00092242579279
