,AAPL,GOOGL,MSFT,AMZN,MS,GS,JPM,BLK,MYL,PFE,AET
AAPL,0.00121914423211,0.000513695857448,0.000471872412029,0.0004875432268,0.000448604659692,0.000414163457349,0.000395035445169,0.00049204252176,0.000429728558526,0.000219837776917,0.000190491263152
GOOGL,0.000513695857448,0.00126882902457,0.000598756317879,0.000792186701183,0.000502383165631,0.000378573105003,0.000422345298551,0.000557142258393,0.000296547631902,0.0003304829196,0.000178750151709
MSFT,0.000471872412029,0.000598756317879,0.00102182378618,0.000442473160813,0.000466952085176,0.000405072168724,0.000441637506858,0.000527758056005,0.000382929080406,0.000294248810571,0.000170711866247
AMZN,0.0004875432268,0.000792186701183,0.000442473160813,0.00181752704658,0.00052245055954,0.000378785096435,0.000315196315096,0.000489950926131,0.000264388723997,0.000274940655076,0.00013854006661
MS,0.000448604659692,0.000502383165631,0.000466952085176,0.00052245055954,0.00129561888724,0.000877025064195,0.000777723069756,0.000768853618982,0.000543081632153,0.000356938396499,0.000342677338282
GS,0.000414163457349,0.000378573105003,0.000405072168724,0.000378785096435,0.000877025064195,0.000815372745311,0.000665644815988,0.000622516901742,0.000474697368357,0.000252269023727,0.000309205103921
JPM,0.000395035445169,0.000422345298551,0.000441637506858,0.000315196315096,0.000777723069756,0.000665644815988,0.000772469426485,0.000595781172624,0.000323934156832,0.000299091457327,0.000275925044517
BLK,0.00049204252176,0.000557142258393,0.000527758056005,0.000489950926131,0.000768853618982,0.000622516901742,0.000595781172624,0.000885304460446,0.000405358881041,0.000313334256829,0.000307870882305
MYL,0.000429728558526,0.000296547631902,0.000382929080406,0.000264388723997,0.000543081632153,0.000474697368357,0.000323934156832,0.000405358881041,0.00261944684189,0.000364748046473,0.000577605546925
PFE,0.000219837776917,0.0003304829196,0.000294248810571,0.000274940655076,0.000356938396499,0.000252269023727,0.000299091457327,0.000313334256829,0.000364748046473,0.000581196707968,0.000247652448463
AET,0.000190491263152,0.000178750151709,0.000170711866247,0.00013854006661,0.000342677338282,0.000309205103921,0.000275925044517,0.000307870882305,0.000577605546925,0.000247652448463,0.000901734299894
